Date,Close/Last,Volume,Open,High,Low
06/11/2021,$310.77,2785057,$309.27,$311.24,$308.35
06/10/2021,$308.31,3286333,$307.65,$309.65,$306.14
06/09/2021,$307.34,3603743,$311.45,$312.98,$306.9
06/08/2021,$310.9,2913774,$311.27,$312.29,$308.98
06/07/2021,$309.96,3974785,$311.12,$312.33,$307.88
06/04/2021,$311.01,2638681,$312.11,$313.45,$309.35
06/03/2021,$311.43,2652535,$311,$312.925,$309.69
06/02/2021,$313.23,3380075,$315.48,$316.98,$312.41
06/01/2021,$316.31,3549754,$320.66,$321.255,$315.17
05/28/2021,$318.91,3197218,$320.37,$321.51,$318.85
05/27/2021,$318.77,3734767,$317.3,$320.41,$317.3
05/26/2021,$317.33,2881591,$317.81,$321.375,$316.68
05/25/2021,$316.75,3523348,$315.53,$317.1,$314.2474
05/24/2021,$314.84,2930620,$316.84,$318.74,$314.59
05/21/2021,$315.77,3920594,$317,$319.2837,$314.45
05/20/2021,$315.9,3854700,$314.89,$319.71,$314.89
05/19/2021,$314.45,5242148,$312,$314.75,$309.066
05/18/2021,$316.75,7010318,$320,$324.555,$314.7783
05/17/2021,$320.01,4381533,$321,$322.83,$315.31
05/14/2021,$323.63,3997955,$326.29,$327.32,$321.86
05/13/2021,$325.42,5161694,$319,$327.415,$318.69
05/12/2021,$317,5821980,$326.52,$328.8,$316.27
05/11/2021,$330.66,5500874,$337.55,$338,$328.21
05/10/2021,$341.12,4840551,$340.45,$345.69,$339.54
05/07/2021,$339.25,2998274,$336.68,$339.81,$335.53
05/06/2021,$337.58,3539581,$333.67,$337.81,$333.23
05/05/2021,$332.05,2014958,$334.25,$335.71,$331.08
05/04/2021,$332.77,3954400,$329.12,$333.23,$328.88
05/03/2021,$330.27,3683678,$326.28,$331.62,$325.68
04/30/2021,$323.67,3118747,$325.05,$325.835,$321.61
04/29/2021,$325.34,3261852,$321.71,$325.79,$321.08
04/28/2021,$319.71,2713438,$321.95,$322.96,$319.3
04/27/2021,$320.59,3335793,$320.5,$322.4688,$320.38
04/26/2021,$319.99,2848501,$323.68,$324,$319.315
04/23/2021,$323.89,3407497,$322.19,$325.53,$319.5754
04/22/2021,$321.46,4874998,$326.2,$326.43,$318.84
04/21/2021,$325.95,3740101,$324.96,$327.91,$323.885
04/20/2021,$323.96,4462880,$326,$327.69,$322.16
04/19/2021,$326.85,4494282,$326.49,$328.83,$325.44
04/16/2021,$328.08,6213121,$324.84,$328.67,$323.935
04/15/2021,$322.74,3508216,$320.21,$323.4,$320.05
04/14/2021,$320.02,3440628,$319.71,$322.7,$319.29
04/13/2021,$320.4,3635055,$320.53,$320.9,$317
04/12/2021,$320.79,3556832,$317.72,$321.31,$317.31
04/09/2021,$319.23,4607758,$315.37,$319.32,$314.75
04/08/2021,$314.43,4035628,$312.7,$315.2499,$310.59
04/07/2021,$312.47,3799321,$312.84,$315.14,$310.93
04/06/2021,$313.78,3988628,$313.61,$315.94,$313.13
04/05/2021,$315.4,4697182,$309.84,$315.85,$309.74
04/01/2021,$307.75,3923902,$306.88,$308.55,$303.89
03/31/2021,$305.25,4744061,$305.5,$308.02,$304.14
03/30/2021,$304.82,5045414,$301.65,$305.68,$300.035
03/29/2021,$302.2,4642897,$303.3,$305.55,$299.93
03/26/2021,$303.81,5865920,$297.34,$304,$296.03
03/25/2021,$297.18,5373520,$293.03,$297.8787,$292.455
03/24/2021,$292.75,4841970,$289.26,$296.779,$288.99
03/23/2021,$289.98,4801240,$289.61,$293.427,$288.94
03/22/2021,$288.94,5564677,$286.5,$290.33,$284.2
03/19/2021,$289.1,13729250,$283.64,$289.1,$282.43
03/18/2021,$283.16,4808075,$279.03,$285.47,$277.7601
03/17/2021,$280.03,5908380,$281.14,$283.88,$279.25
03/16/2021,$282.08,4458875,$278.54,$282.52,$277.65
03/15/2021,$278.54,4356177,$274.5,$279.6527,$274.34
03/12/2021,$273.1,4190460,$267.45,$273.81,$266.76
03/11/2021,$268.85,4371269,$268.6,$270.78,$267.2
03/10/2021,$266.24,3798409,$265.92,$268.75,$264.08
03/09/2021,$264.96,6625292,$262.73,$267.5685,$261.79
03/08/2021,$259.03,5037359,$254.23,$263.23,$252.52
03/05/2021,$253.52,6351823,$252.26,$254.2,$246.59
03/04/2021,$250.93,7154940,$256,$256.86,$247.1
03/03/2021,$257.36,4257543,$259.28,$260.5,$256.01
03/02/2021,$260.29,3740283,$261.68,$263.1099,$259.7701
03/01/2021,$261.62,4530280,$258.81,$262.48,$258.4739
02/26/2021,$258.34,7871183,$257.77,$260.24,$256.1105
02/25/2021,$255.25,6545422,$259.75,$260.9,$254.71
02/24/2021,$259.97,14512740,$263.23,$266.99,$254.03
02/23/2021,$267.24,12111050,$269.38,$269.67,$257.58
02/22/2021,$275.85,3995469,$278.21,$278.49,$273.63
02/19/2021,$279.64,4079946,$282.87,$283.91,$279.44
02/18/2021,$283.05,3531964,$280.8,$284.68,$279.83
02/17/2021,$280.92,3537815,$275.54,$281.79,$275.4
02/16/2021,$275.39,2873454,$277.01,$278.63,$274.88
02/12/2021,$277.51,2392184,$277.12,$278.71,$276.58
02/11/2021,$277.06,2595287,$277.93,$280.25,$276.01
02/10/2021,$278.69,2410575,$278.03,$278.93,$276.25
02/09/2021,$276.77,2507751,$279.66,$280.2,$276.62
02/08/2021,$280.03,3475827,$279.69,$280.4194,$276.8895
02/05/2021,$278.86,2389915,$280.29,$281.7599,$277.81
02/04/2021,$278.82,2975976,$274.25,$279.44,$274.25
02/03/2021,$274.17,2802674,$271.89,$275.72,$270.715
02/02/2021,$272.16,4111756,$270,$275.69,$269.99
02/01/2021,$270.07,3707825,$271.23,$272.65,$267.2533
01/29/2021,$270.82,4079485,$275.81,$277.06,$270.03
01/28/2021,$278.05,3462967,$276.17,$282.96,$274.93
01/27/2021,$274.05,4336987,$279.99,$280.8099,$273.08
01/26/2021,$282.6,2472211,$285.42,$285.65,$281.695
01/25/2021,$285.08,4025905,$283.85,$285.77,$281.42
01/22/2021,$284,4501941,$279.26,$285.08,$277.87
01/21/2021,$279.05,4401230,$276.22,$280.7,$275.67
01/20/2021,$274.3,3498412,$273.25,$277.21,$271.5
01/19/2021,$273.19,3615794,$278,$278,$273.02
01/15/2021,$275.59,5131741,$268.63,$276.39,$268
01/14/2021,$268.34,4641421,$274.5,$274.895,$267.67
01/13/2021,$274.05,3921418,$278.31,$280.48,$273.94
01/12/2021,$276.33,4030946,$271.11,$277.939,$270.655
01/11/2021,$271.23,3765227,$267.47,$273.37,$267.26
01/08/2021,$269.09,3757709,$267.35,$270.7325,$267
01/07/2021,$266.26,3833249,$266.95,$268.783,$266.17
01/06/2021,$267.57,3949198,$264.06,$269.77,$261.87
01/05/2021,$266.05,3822639,$262.66,$266.53,$262.26
01/04/2021,$263.92,5001983,$266.01,$266.4446,$261.06
12/31/2020,$265.62,2608139,$265.57,$265.95,$263.58
12/30/2020,$265.26,2511385,$266.11,$267.3,$264.92
12/29/2020,$266.19,2572074,$269.98,$270.46,$265.07
12/28/2020,$269.25,2633841,$272.17,$272.25,$269.24
12/24/2020,$270.92,1093947,$269.44,$271.36,$269.4
12/23/2020,$269.81,2337149,$270.06,$271,$268.2
12/22/2020,$270.04,3143451,$270.06,$271.36,$268.51
12/21/2020,$270.99,4339037,$268.56,$271.95,$265.88
12/18/2020,$270.45,9817032,$274.59,$275.74,$270.3
12/17/2020,$273.97,4247048,$272.16,$274.33,$271.3
12/16/2020,$269.59,4669578,$268.53,$270.75,$267.51
12/15/2020,$267.98,3756037,$267.51,$268.7628,$266.2
12/14/2020,$265.58,4576775,$266.14,$268.5999,$265.27
12/11/2020,$264.55,3454512,$263.36,$265.3618,$262.646
12/10/2020,$264.81,4234320,$264.08,$266.07,$262.11
12/09/2020,$265.58,4550125,$264.61,$265.7708,$262.25
12/08/2020,$261.72,5338142,$261.72,$262.5,$258.73
12/07/2020,$262.64,6378989,$263.5,$264.5,$261
12/04/2020,$263.99,7732829,$267.47,$268.73,$262.82
12/03/2020,$268.14,4168929,$270.63,$271.93,$267.14
12/02/2020,$271.1,4168645,$273.97,$274.11,$269.57
12/01/2020,$276.6,3944872,$278.73,$278.95,$275.55
11/30/2020,$277.41,4624131,$275.22,$277.76,$271.92
11/27/2020,$275.99,1625328,$275.24,$276.58,$274.36
11/25/2020,$273.96,3001748,$273.48,$274.74,$271.212
11/24/2020,$273.31,4775318,$274,$275.545,$272.57
11/23/2020,$271.4,3294219,$270.01,$273.689,$269.55
11/20/2020,$269.81,4112543,$271.45,$272.37,$268.87
11/19/2020,$270.93,3929422,$270.42,$272.38,$268.7
11/18/2020,$269.83,5122219,$270.5,$275.38,$269
11/17/2020,$272.47,8532219,$272.1,$273.529,$269.4001
11/16/2020,$279.57,5360160,$279.18,$281.29,$276.4
11/13/2020,$277.17,3941687,$276.42,$279.73,$275.26
11/12/2020,$276.24,3820310,$283,$283.6943,$273.84
11/11/2020,$277.75,2987878,$277.32,$281.69,$276.1701
11/10/2020,$275.57,4828522,$272.785,$275.79,$269.25
11/09/2020,$269.97,7856419,$287.98,$288.42,$269.47
11/06/2020,$284.24,2839134,$286.73,$286.7799,$282.85
11/05/2020,$285.85,2516570,$288.35,$288.998,$284.08
11/04/2020,$282.72,3525318,$276.76,$287.04,$276.01
11/03/2020,$277.37,3037485,$274.85,$279.53,$273.72
11/02/2020,$270.74,2956798,$270.15,$274.78,$268.52
10/30/2020,$266.71,3874571,$268.82,$269.62,$262.03
10/29/2020,$269.63,2872501,$269.69,$273.7,$267.3119
10/28/2020,$269.72,3255851,$270.25,$273.6696,$268.6901
10/27/2020,$276.84,3014280,$276.99,$279.73,$276.1157
10/26/2020,$276.04,2911876,$279.64,$281.5299,$272
10/23/2020,$283,1750747,$282.38,$283.19,$279.55
10/22/2020,$281.16,2787332,$283.93,$285.68,$280.65
10/21/2020,$284.51,2304473,$285.39,$288.0187,$283.28
10/20/2020,$286.04,2281770,$285.14,$289.79,$284.13
10/19/2020,$283.73,2428441,$289.76,$290.11,$283.38
10/16/2020,$287.66,3109401,$288.25,$292.655,$287.25
10/15/2020,$287.54,2700137,$284.12,$290.25,$283.12
10/14/2020,$287.09,2221184,$289.51,$290.3,$285.15
10/13/2020,$290.36,2699882,$285.7,$290.77,$285.7
10/12/2020,$286.91,2411899,$287.39,$288.33,$286.06
10/09/2020,$285.92,2240096,$285.47,$287.28,$284.09
10/08/2020,$284.52,2256215,$283.84,$284.95,$281.1707
10/07/2020,$282.79,3423651,$280.85,$284,$280
10/06/2020,$276.47,2992517,$282.5,$283,$275.77
10/05/2020,$282.1,2330743,$280.92,$282.42,$279.7
10/02/2020,$279.31,2943577,$274.94,$281.08,$274.1032
10/01/2020,$277.62,2696923,$279.44,$280,$275.85
09/30/2020,$277.71,4779076,$273.48,$279.915,$272.52
09/29/2020,$272.11,2049239,$273.4,$273.8415,$271.1138
09/28/2020,$272.33,3061079,$271.93,$274.22,$270.3
09/25/2020,$268.55,2457922,$264.19,$270.15,$263.9194
09/24/2020,$265.7,3095558,$265.71,$269.7,$263.8801
09/23/2020,$266.55,4467612,$275.42,$276.62,$264.685
09/22/2020,$273.31,2972025,$271.68,$273.52,$270.63
09/21/2020,$272.35,3547977,$271.87,$272.8999,$266.53
09/18/2020,$275.19,6072932,$278.41,$279.835,$270.81
09/17/2020,$279.96,3166910,$277.91,$282.72,$276.96
09/16/2020,$281.63,3380045,$285.61,$286.58,$280.6801
09/15/2020,$285.58,4174935,$283.04,$286.7,$282.38
09/14/2020,$280.65,3055846,$278.55,$282.46,$278.015
09/11/2020,$276.33,3729223,$273.98,$277.98,$273.46
09/10/2020,$272.7,3156250,$278.01,$280.98,$271.17
09/09/2020,$277.04,4754651,$272.46,$279.74,$271.75
09/08/2020,$269.26,5241197,$267.11,$271.04,$262.81
09/04/2020,$269.66,5253456,$275.55,$276.77,$264.6727
09/03/2020,$274.63,5380082,$287.3,$287.7,$272.17
09/02/2020,$287.2,3464637,$284.85,$288.04,$283.6
09/01/2020,$285.94,3238088,$284.03,$286.68,$283.5
08/31/2020,$285.04,4105437,$285,$286.69,$282.87
08/28/2020,$286.29,3100102,$288.31,$288.83,$284.77
08/27/2020,$288.63,3430926,$292.22,$292.95,$286.56
08/26/2020,$291.93,4001938,$287.73,$292.12,$286.275
08/25/2020,$286.13,2854466,$287.27,$287.48,$283.885
08/24/2020,$286.75,4430864,$284.99,$286.85,$281.9223
08/21/2020,$283.23,5504045,$279.97,$283.55,$278.42
08/20/2020,$280.68,3529991,$280.535,$281.91,$279.4351
08/19/2020,$282.86,4986759,$287.46,$287.97,$281.93
08/18/2020,$285,6934290,$288.9,$290.58,$283.04
08/17/2020,$288.24,5584428,$284.4,$289.2172,$283.57
08/14/2020,$280.55,2490422,$281.14,$282,$279.19
08/13/2020,$281.66,2202427,$281.16,$282.655,$279.74
08/12/2020,$281.58,3869967,$279.75,$282.9673,$276.96
08/11/2020,$274.92,3321260,$277.69,$279.37,$274.41
08/10/2020,$274.73,2393112,$272.42,$275,$271.795
08/07/2020,$271.64,2846290,$270.61,$274.9199,$269.81
08/06/2020,$269.37,2203428,$266.6,$270.44,$266.53
08/05/2020,$267.48,1963860,$268.39,$268.39,$265.89
08/04/2020,$267.87,2223957,$266.63,$267.89,$263.84
08/03/2020,$266.18,2364447,$266.73,$268.58,$265.67
07/31/2020,$265.49,3640388,$265,$267.17,$260.61
07/30/2020,$266.31,2347799,$263.34,$267.345,$261.55
07/29/2020,$264.66,2874097,$264.8,$267.105,$264.17
07/28/2020,$265.28,2226974,$268.56,$269.07,$264.6694
07/27/2020,$267.42,2412476,$265.09,$268.68,$265.09
07/24/2020,$265.31,2984507,$265.04,$266.89,$262.99
07/23/2020,$263.81,2680102,$267.8,$267.8,$261.8
07/22/2020,$265.17,2749966,$262.59,$265.59,$262
07/21/2020,$262.42,2440478,$261.62,$263.87,$260.72
07/20/2020,$260.17,2451072,$259.04,$261.2,$258.02
07/17/2020,$260.38,3094992,$260.03,$260.65,$257.72
07/16/2020,$258.08,2511224,$256.76,$260.5,$256
07/15/2020,$257.8,4343650,$260.14,$261.2878,$255.15
07/14/2020,$257.79,4614212,$249,$258.18,$248.46
07/13/2020,$249.62,4437469,$251.92,$257.86,$249.09
07/10/2020,$250.11,2745258,$248.29,$250.33,$246.635
07/09/2020,$247.96,2994695,$249.66,$250.51,$246.35
07/08/2020,$249.17,2293978,$247.87,$249.785,$246.22
07/07/2020,$247.35,2927762,$247.37,$250.78,$247.07
07/06/2020,$249.55,3133849,$250.27,$251.5,$247.04
07/02/2020,$248.5,3369796,$251.94,$252.3,$247.92
07/01/2020,$248.15,3677252,$249.65,$250.3295,$246.93
06/30/2020,$250.51,4524580,$247,$251.65,$246.09
06/29/2020,$246.12,3468293,$242.66,$246.5,$240.3401
06/26/2020,$241.01,5002690,$245.35,$246.1,$240.25
06/25/2020,$245.38,2938448,$244.8,$246.35,$242.2
06/24/2020,$246.13,3873027,$247.81,$250.2873,$242.73
06/23/2020,$250.31,3105348,$253,$253.44,$250.13
06/22/2020,$249.16,3815172,$245.7,$250.06,$245.51
06/19/2020,$246.65,11114630,$253.1,$254.3,$246.38
06/18/2020,$249.21,3347826,$249.36,$251.75,$247.13
06/17/2020,$250.85,4234003,$252.77,$254.62,$250.08
06/16/2020,$249.95,5296424,$249.4,$251.65,$242.87
06/15/2020,$241.36,6253342,$237.62,$242.2199,$234.31
06/12/2020,$242.45,5238493,$243.07,$246.39,$237.05
06/11/2020,$239.47,6563710,$248.86,$250.62,$238.74
06/10/2020,$254.45,3589810,$257.45,$259.2867,$254.22
06/09/2020,$256.76,3716430,$255.33,$258.29,$253.86
06/08/2020,$256.77,3811872,$252.49,$256.81,$252.26
06/05/2020,$254.9,5054333,$252.34,$255.85,$250.38
06/04/2020,$248.95,4759381,$249.77,$252.173,$247.47
06/03/2020,$251,4638114,$251.8,$252.825,$250.3913
06/02/2020,$252.71,5301049,$248.63,$252.72,$247
06/01/2020,$247.29,3409936,$249.41,$249.78,$245.87
05/29/2020,$248.48,5342824,$245.06,$249.71,$244.73
05/28/2020,$245.14,5261750,$249.52,$252.23,$244.43
05/27/2020,$247.36,4664800,$242.69,$247.39,$240.78
05/26/2020,$242.48,4535235,$248.15,$248.22,$242.07
05/22/2020,$241.88,3041768,$240.7,$242.34,$238.655
05/21/2020,$240.88,4772695,$237.62,$241.18,$235.79
05/20/2020,$238.19,7534153,$242,$242.27,$234.95
05/19/2020,$238.1,9386987,$240.45,$242.46,$237.8
05/18/2020,$245.35,8341251,$245.84,$248.3199,$244.04
05/15/2020,$239.33,16176260,$232.79,$243.23,$232.7
05/14/2020,$234.48,6434481,$226.37,$234.66,$226.2
05/13/2020,$230.1,6237154,$233.04,$236.3,$228.544
05/12/2020,$232.9,4399618,$238.57,$239.25,$232.9
05/11/2020,$236.56,4378313,$231.77,$238.77,$231.25
05/08/2020,$234.43,4367213,$232.7,$235.55,$231.15
05/07/2020,$229.45,4503029,$226.51,$231.6315,$226.4201
05/06/2020,$223.92,3321131,$227.37,$228.44,$223.8
05/05/2020,$225.61,4655164,$224.94,$228.85,$223.61
05/04/2020,$221.84,4090943,$216.68,$222.66,$215.21
05/01/2020,$218.57,3819299,$216.77,$219.7,$215.77
04/30/2020,$219.83,5152681,$216.79,$222.11,$216.52
04/29/2020,$221.81,4381069,$221.34,$224.17,$219.82
04/28/2020,$217.63,5080746,$223.99,$224.22,$216.91
04/27/2020,$217.76,5472779,$215.04,$220.94,$214.01
04/24/2020,$212.18,5026219,$204.73,$212.93,$203.85
04/23/2020,$202.32,3565518,$203.32,$206.97,$202.19
04/22/2020,$204.17,4071352,$201.89,$205.71,$201.14
04/21/2020,$200.61,4844962,$200.75,$204.34,$199.51
04/20/2020,$206.05,4753058,$206.13,$211.03,$205.36
04/17/2020,$209.42,6717580,$207.17,$210.25,$206.1631
04/16/2020,$199.85,7262770,$199.12,$202.21,$196.82
04/15/2020,$198.48,5693945,$198.67,$202.2351,$196.6141
04/14/2020,$207.17,5655443,$201.88,$209.725,$200.13
04/13/2020,$198.79,4415560,$200.45,$200.45,$195.37
04/09/2020,$201.53,7125726,$199.8,$205.99,$196.5
04/08/2020,$194.82,6094736,$194.21,$196.77,$191.54
04/07/2020,$192.29,6438763,$202.92,$204.11,$191.85
04/06/2020,$191.33,7454001,$188,$192.41,$185.1273
04/03/2020,$178.7,7299814,$179.56,$181.35,$174.94
04/02/2020,$181.31,6353948,$174.95,$182.72,$174
04/01/2020,$178.63,7858183,$175.91,$182.76,$175
03/31/2020,$186.71,7341134,$194.8,$195.49,$185.45
03/30/2020,$196.1,6936746,$190.57,$198.2,$187.61
03/27/2020,$190.55,7121658,$188.49,$196.3827,$186.5
03/26/2020,$195.21,10174080,$183.49,$198.2,$182.5
03/25/2020,$181.76,11497380,$184.42,$191.545,$180
03/24/2020,$184.72,14676620,$173.39,$185.67,$172.01
03/23/2020,$162.39,12241620,$150.06,$164.93,$146.34
03/20/2020,$152.15,12602420,$162.78,$170.22,$151.81
03/19/2020,$161.13,13499060,$153.16,$162.91,$142
03/18/2020,$155.63,14681870,$159.8,$162.33,$140.63
03/17/2020,$173.64,16234410,$168.21,$174.78,$155.3
03/16/2020,$164.96,12536630,$181.97,$186.1,$163.11
03/13/2020,$205.67,10292300,$200.45,$205.82,$190
03/12/2020,$190.59,10928670,$195.41,$206.58,$184.84
03/11/2020,$212.89,7261975,$217.3,$219.15,$210.5
03/10/2020,$225.7,7206600,$217.21,$225.83,$211
03/09/2020,$210.46,10120510,$213.87,$216.18,$207.25
03/06/2020,$228.51,7400162,$227.57,$230.29,$222.25
03/05/2020,$234.81,6473854,$236.6,$239.6099,$233.15
03/04/2020,$241.08,6769978,$233.01,$241.32,$231.8
03/03/2020,$227.94,8432488,$230.03,$235.82,$225.5705
03/02/2020,$229.94,7150821,$219.98,$230,$218.49
02/28/2020,$217.84,11814660,$218.63,$221.0599,$212.33
02/27/2020,$224.73,7612793,$231.07,$234.82,$224.57
02/26/2020,$235.28,6965709,$239.1,$241.0407,$234.32
02/25/2020,$237.38,8061529,$246.1,$246.97,$236.48
02/24/2020,$239.7,5350146,$238.48,$243.11,$237.7
02/21/2020,$245.34,3881083,$246.5,$247.36,$244
02/20/2020,$247.02,3701834,$243.69,$247.12,$242.15
02/19/2020,$243.64,2713341,$244.91,$245.5,$243.01
02/18/2020,$243.94,2893400,$244.84,$246.11,$243.16
02/14/2020,$245.03,2841585,$243.44,$245.2,$242.63
02/13/2020,$242.36,2468189,$240.97,$243.6,$240.4
02/12/2020,$241.59,3592140,$242.13,$242.3003,$238.84
02/11/2020,$241.64,2692405,$240.61,$242.45,$240.2035
02/10/2020,$240.61,2568037,$236.6,$240.61,$236.18
02/07/2020,$237.3,2456067,$238.84,$239.5299,$236.52
02/06/2020,$238.84,3930383,$238,$239.405,$237.48
02/05/2020,$238.11,3868791,$237.1,$238.32,$235.86
02/04/2020,$235,3505081,$234.03,$236.36,$234.03
02/03/2020,$231.54,5101207,$230.3,$233.53,$229.35
01/31/2020,$228.1,5304743,$232.96,$233.233,$227.89
01/30/2020,$232.79,4685674,$232,$233.295,$231.57
01/29/2020,$234.02,2564540,$234.9,$235.88,$233.4
01/28/2020,$233.86,3622093,$231.82,$235.25,$231.35
01/27/2020,$231.19,3595928,$228.2,$232.47,$228.2
01/24/2020,$232,4467501,$234.46,$235.43,$230.56
01/23/2020,$233.65,4617883,$232.13,$234.8167,$230.64
01/22/2020,$232.9,4030827,$233.79,$236.53,$232.8759
01/21/2020,$232.95,4873853,$231.53,$233.66,$231.06
01/17/2020,$231.91,7979597,$229.61,$232.6,$228.91
01/16/2020,$228.82,5390755,$225.93,$228.86,$225.4
01/15/2020,$224.59,3444310,$222.28,$224.98,$222.13
01/14/2020,$222.81,3916025,$222.48,$224.9458,$222.31
01/13/2020,$223.34,6061943,$224.5,$224.51,$222.68
01/10/2020,$224.22,4226760,$224.75,$225.49,$223.03
01/09/2020,$225.19,4844154,$222.64,$225.55,$221.85
01/08/2020,$221.79,4916829,$218.8,$222.97,$218.665
01/07/2020,$218.52,5696660,$219.5,$220.56,$216.9
01/06/2020,$219.96,5683576,$216.49,$220,$216.4
01/03/2020,$218.93,3425706,$217.14,$219.68,$216.75
01/02/2020,$219.66,3936097,$219.08,$219.76,$217.8401
12/31/2019,$218.38,3790250,$217.1,$218.51,$216.44
12/30/2019,$217.31,3952771,$220.37,$220.49,$216.5479
12/27/2019,$219.97,3082875,$221.2,$221.79,$219.78
12/26/2019,$220.82,2650339,$220.74,$221.1532,$219.59
12/24/2019,$220.67,2260656,$219.5,$221.04,$219.22
12/23/2019,$219.21,3945353,$222,$222,$219.14
12/20/2019,$221.19,7778259,$220.59,$221.569,$219.8
12/19/2019,$220.22,5765685,$218.48,$220.77,$218.28
12/18/2019,$218,6678292,$218.21,$219.59,$217.64
12/17/2019,$217.72,7578895,$216.02,$219.45,$215.87
12/16/2019,$215.53,5851489,$214.43,$216.715,$214.3
12/13/2019,$214.08,6870348,$212.12,$214.23,$210.67
12/12/2019,$212.04,9916525,$212.5,$214.13,$210.73
12/11/2019,$212,8286340,$211.03,$213.65,$210.61
12/10/2019,$215.9,4664413,$216.52,$216.69,$215.1
12/09/2019,$216.53,5149564,$214.29,$217.88,$214.18
12/06/2019,$214.28,4194211,$214.21,$215.3595,$213.9
12/05/2019,$213,4581409,$214.36,$214.5,$211.7701
12/04/2019,$214.1,4256397,$213.5,$214.96,$213.19
12/03/2019,$214,6734092,$216.45,$216.45,$212.9305
12/02/2019,$217.62,4428499,$220.9,$221.19,$217.46
11/29/2019,$220.51,2952948,$223.3,$223.33,$220.29
11/27/2019,$223,6691487,$221.68,$223.4496,$220.664
11/26/2019,$220.76,9988417,$218.76,$220.96,$218.39
11/25/2019,$218.4,8869811,$218,$218.53,$216.88
11/22/2019,$218.03,5786478,$218.5,$219.13,$217.81
11/21/2019,$218.54,7823720,$221.94,$222.31,$218.5
11/20/2019,$220.9,10228810,$224.55,$225,$220.57
11/19/2019,$225.86,14984830,$230.6,$233.12,$225.4
11/18/2019,$238.85,5766962,$238.44,$239.3091,$236.76
11/15/2019,$237.29,3526672,$237.69,$238.05,$236.36
11/14/2019,$236.55,2283848,$235,$236.94,$234.04
11/13/2019,$234.8,2625015,$232.09,$234.9,$230.85
11/12/2019,$233.12,2991171,$232.15,$234.63,$232
11/11/2019,$231.8,2310669,$230.5,$232.28,$230.18
11/08/2019,$232.84,2088455,$232.8,$233.26,$231.6313
11/07/2019,$232.94,2832865,$234,$235.79,$231.76
11/06/2019,$234.01,2631943,$232.83,$234.04,$231.89
11/05/2019,$232.2,3624629,$234.74,$234.92,$230.27
11/04/2019,$234.92,2542426,$238.27,$238.39,$233.88
11/01/2019,$237.34,2197403,$236.07,$237.445,$235.061
10/31/2019,$234.58,2824072,$236.86,$237.39,$233.22
10/30/2019,$236.24,1956669,$233.51,$236.6,$232.88
10/29/2019,$234.14,2558004,$236.84,$237.5,$233.92
10/28/2019,$236.8,2705001,$234.95,$236.96,$234.56
10/25/2019,$234.38,2210872,$233.49,$235.42,$232.55
10/24/2019,$233.89,2184113,$234.81,$236.37,$233.07
10/23/2019,$234.67,2138451,$236.66,$237.41,$234.36
10/22/2019,$237.2,2022890,$237.3,$238.3,$236.516
10/21/2019,$236.7,2079644,$238.26,$238.99,$235.61
10/18/2019,$237.93,3663925,$236.99,$238.73,$235.64
10/17/2019,$236.77,2296853,$236.36,$238.1736,$235.51
10/16/2019,$235.9,2389282,$235.42,$236.17,$233.84
10/15/2019,$235.62,2667156,$234.69,$236.86,$234.6
10/14/2019,$234.18,2538129,$234.22,$235.485,$234.06
10/11/2019,$234.66,3479059,$234.32,$236.7,$233.76
10/10/2019,$231.61,3052401,$229.34,$232.24,$229.08
10/09/2019,$228.94,2675389,$228.5,$229.56,$226.61
10/08/2019,$226.67,3567904,$225.36,$228.78,$225.1
10/07/2019,$226.74,2967658,$227.51,$228.13,$226.05
10/04/2019,$227.93,3188709,$227.17,$229.21,$227.02
10/03/2019,$226.81,2972928,$225,$226.81,$222.12
10/02/2019,$225.55,4371896,$230.6,$230.6,$224.34
10/01/2019,$231.08,3530209,$233.01,$234.51,$230.72
09/30/2019,$232.02,3258468,$230.19,$232.59,$230.12
09/27/2019,$229.86,3152242,$231.61,$231.75,$229.13
09/26/2019,$229.79,4383280,$229.68,$231.12,$229
09/25/2019,$228.1,3969380,$226.59,$228.45,$224.5
09/24/2019,$225.41,4518353,$228.14,$230.2383,$224.78
09/23/2019,$226.25,2955323,$224.16,$227.14,$223.95
09/20/2019,$224.67,7797035,$227.99,$230.05,$224.23
09/19/2019,$228.12,3254884,$231.15,$231.4,$227.95
09/18/2019,$230.83,3423131,$230.37,$231.53,$229.01
09/17/2019,$230.21,3806137,$226.79,$230.33,$226.47
09/16/2019,$230.99,3120219,$232.73,$233.61,$230.61
09/13/2019,$233.98,3805519,$234.33,$234.97,$232.33
09/12/2019,$233.8,3366138,$233.42,$235.49,$233.11
09/11/2019,$232.66,2978346,$232.93,$233.68,$231.02
09/10/2019,$233,4210672,$232.25,$233.02,$229.7117
09/09/2019,$232.87,4449066,$231.5,$233.87,$230.075
09/06/2019,$231.13,3237893,$228.7,$231.37,$227.88
09/05/2019,$228.15,3373539,$226.3,$228.78,$226.25
09/04/2019,$224.15,3146989,$223.95,$224.15,$220.67
09/03/2019,$224.07,4139414,$226.45,$227.63,$223.38
08/30/2019,$227.91,3769326,$228.43,$229.27,$226.69
08/29/2019,$227.32,4184912,$223.9,$227.7,$223.76
08/28/2019,$221.95,3072754,$217.88,$222.09,$217.11
08/27/2019,$218.21,4313269,$219.55,$220.41,$217.91
08/26/2019,$218.65,3680273,$218.46,$219.5,$216.18
08/23/2019,$217.47,5770379,$219.9,$220.87,$216.01
08/22/2019,$221.02,4545216,$220.05,$222.655,$219.88
08/21/2019,$220.4,7940577,$218.73,$220.88,$216.76
08/20/2019,$217.09,12455060,$213.5,$217.85,$212.17
08/19/2019,$207.95,6413591,$206.98,$208.82,$205.3
08/16/2019,$203.65,4093594,$203.75,$204.43,$201.6701
08/15/2019,$201.79,4199748,$203,$203.76,$199.05
08/14/2019,$201.59,4582123,$204.46,$205.36,$201.51
08/13/2019,$208.33,3906289,$206.31,$211.62,$204.78
08/12/2019,$207.01,2004627,$208.1,$209.64,$206.15
08/09/2019,$210.02,2912078,$211.45,$212.4123,$207.95
08/08/2019,$211.57,2968173,$209.7,$211.69,$208.7201
08/07/2019,$207.91,3901105,$206.04,$208.5,$203.13
08/06/2019,$208.8,3646800,$205.01,$209.09,$204.5
08/05/2019,$204.94,4553198,$209.53,$209.99,$204.08
08/02/2019,$212.15,2884886,$211.86,$213.14,$211.0812
08/01/2019,$212.83,3431473,$214.14,$217.61,$212.02
07/31/2019,$213.69,3426412,$216.35,$217.8,$212.165
07/30/2019,$217.36,2172571,$217.52,$218.59,$216.86
07/29/2019,$218.04,2407248,$216.79,$218.27,$216.35
07/26/2019,$216.91,2675559,$215.53,$217.21,$214.1
07/25/2019,$215.55,2335396,$214.28,$215.92,$213.63
07/24/2019,$214.71,2207164,$213.19,$214.79,$213.07
07/23/2019,$213.08,2590137,$212.57,$214.13,$211.726
07/22/2019,$211.27,2765719,$213,$213.26,$210.38
07/19/2019,$213.04,3255033,$214.67,$215.23,$212.93
07/18/2019,$214.44,3069619,$215.5,$216.23,$213.01
07/17/2019,$215.61,3037577,$216.73,$217.58,$215.61
07/16/2019,$217.26,2657421,$217.3,$218.35,$216.73
07/15/2019,$218.7,3141289,$218.95,$219.2951,$216.81
07/12/2019,$218.23,4429826,$215,$218.25,$214.61
07/11/2019,$214.04,3450056,$212.25,$214.08,$211.02
07/10/2019,$210.75,3457376,$210.72,$211.32,$208.8268
07/09/2019,$212,2397527,$211.93,$213.33,$211.2
07/08/2019,$212.91,2705327,$210.98,$213.44,$210.59
07/05/2019,$211.46,2547864,$209.97,$212.17,$209.7261
07/03/2019,$212.1,2183742,$209.82,$212.75,$209.7
07/02/2019,$210.14,3160610,$210.24,$210.26,$208.46
07/01/2019,$210.28,4100105,$209.7,$212.31,$208.17
06/28/2019,$207.97,11068970,$207.77,$209,$207.39
06/27/2019,$207.02,2286764,$207.61,$208,$206.01
06/26/2019,$206.42,3071224,$205.34,$207.32,$204.65
06/25/2019,$204.74,3588178,$206.3,$207.1,$204.2
06/24/2019,$205.5,4943452,$208.15,$209.26,$205.12
06/21/2019,$209.39,9854979,$211.26,$211.99,$209.08
06/20/2019,$211.25,5171454,$209.57,$211.66,$209.31
06/19/2019,$207.94,3648435,$207.9,$208.48,$205.9
06/18/2019,$207.48,3891295,$208.1,$210.17,$207.11
06/17/2019,$206.98,4620500,$207,$208.79,$206
06/14/2019,$205.77,4898440,$201.31,$206.5,$201.31
06/13/2019,$202.35,3631270,$199.95,$202.68,$199.45
06/12/2019,$198.94,2551590,$198.81,$200.185,$197.98
06/11/2019,$198.01,3708474,$199.02,$200.84,$195.84
06/10/2019,$198.05,3154460,$198.56,$199.85,$197.32
06/07/2019,$197.3,3522396,$197.2,$199.02,$196.21
06/06/2019,$197.17,3732940,$196.65,$197.65,$194.96
06/05/2019,$196.69,3704587,$194.01,$196.72,$193.08
06/04/2019,$195.25,5118128,$191.58,$195.5,$191.42
06/03/2019,$189.57,4620379,$189.52,$191.87,$188.75
05/31/2019,$189.85,3681598,$189.64,$190.29,$188.66
05/30/2019,$191.08,3029849,$190.13,$192.5,$190.09
05/29/2019,$189.99,4569945,$190.28,$191.88,$188.03
05/28/2019,$191.55,5165764,$194.38,$196.47,$191.35
05/24/2019,$193.59,3799486,$192.54,$193.86,$190.41
05/23/2019,$192,7754163,$188.45,$192.54,$186.27
05/22/2019,$188.91,5706339,$190.49,$192.22,$188.05
05/21/2019,$191.45,8555840,$187.13,$192.52,$186.34
05/20/2019,$190.95,4782752,$191.13,$192.86,$190.61
05/17/2019,$192.58,5223777,$190.86,$194.495,$190.75
05/16/2019,$192.38,3853985,$192.47,$194.96,$192.2
05/15/2019,$191.76,3355797,$190.81,$192.81,$190.27
05/14/2019,$191.62,3663632,$190.5,$192.76,$190.01
05/13/2019,$190.34,3326028,$191,$191.66,$189.14
05/10/2019,$194.58,3863576,$193.21,$195.49,$190.01
05/09/2019,$194.58,2917943,$193.31,$195.077,$191.59
05/08/2019,$195.17,3122569,$194.49,$196.61,$193.68
05/07/2019,$194.77,4622108,$196.75,$197.65,$192.96
05/06/2019,$199.63,2619675,$198.74,$199.93,$198.31
05/03/2019,$200.56,3583835,$202,$202.31,$200.32
05/02/2019,$201.01,2810109,$199.3,$201.06,$198.8
05/01/2019,$198.8,4644666,$203.2,$203.52,$198.66
04/30/2019,$203.7,3414662,$201.55,$203.75,$200.79
04/29/2019,$202.16,3647581,$203.31,$203.8,$200.34
04/26/2019,$203.61,3487875,$205.88,$206.14,$203.34
04/25/2019,$206.5,3288166,$206.01,$207.72,$205.06
04/24/2019,$206.72,2690010,$206.16,$208.295,$205.54
04/23/2019,$206.05,3700890,$205.14,$207.33,$203.43
04/22/2019,$204.78,2593871,$204.11,$206.25,$204
04/18/2019,$205.66,3108823,$206.02,$207.775,$205.1
04/17/2019,$206.55,3030171,$205.34,$206.84,$205.32
04/16/2019,$204.47,3271432,$205.25,$205.99,$204.29
04/15/2019,$204.86,2834196,$204.16,$205.14,$203.404
04/12/2019,$203.85,3097402,$202.13,$204.26,$202.13
04/11/2019,$201.48,2465132,$199.9,$201.5,$199.03
04/10/2019,$199.43,3579816,$201.26,$201.6,$198.02
04/09/2019,$200.9,3670010,$202.26,$202.71,$200.46
04/08/2019,$203.55,3040820,$201.37,$203.79,$201.24
04/05/2019,$202.06,3614446,$200.86,$203.13,$200.61
04/04/2019,$200.45,3138345,$199,$200.49,$198.02
04/03/2019,$198.61,4432684,$194.98,$198.785,$194.11
04/02/2019,$194.31,2507615,$195.5,$195.5,$194.015
04/01/2019,$195.64,5057427,$192.99,$195.9,$192.85
03/29/2019,$191.89,4385233,$190.85,$192.04,$190.14
03/28/2019,$190.06,3134180,$189.91,$191.3999,$189.16
03/27/2019,$189.25,4120034,$189.65,$191.61,$188.39
03/26/2019,$189.34,4027875,$190.69,$192.19,$188.74
03/25/2019,$189.68,3798408,$188.75,$191.71,$188.51
03/22/2019,$188.75,5119013,$189.31,$192.05,$188.67
03/21/2019,$189.97,4755544,$185.5,$190,$185.5
03/20/2019,$186.1,4643574,$184.3,$187.12,$183.43
03/19/2019,$184.13,4366912,$184.19,$185.82,$183.48
03/18/2019,$183.42,4294272,$182.53,$183.48,$182.33
03/15/2019,$182.23,8059123,$182.3,$182.49,$179.57
03/14/2019,$181.61,4390157,$181.28,$181.74,$180.5
03/13/2019,$181.14,4525597,$183.24,$183.78,$181.0801
03/12/2019,$184,3774562,$183.43,$184.27,$182.33
03/11/2019,$182.44,3865092,$182,$183.1966,$181.2
03/08/2019,$181.23,3866389,$181.49,$181.91,$179.52
03/07/2019,$182.51,4096370,$184.39,$184.62,$181.58
03/06/2019,$184.45,4425147,$184.53,$184.97,$183.84
03/05/2019,$184,3432989,$184.24,$185.12,$183.25
03/04/2019,$183.81,5004463,$186.2,$186.24,$182.1025
03/01/2019,$185.17,5479764,$185.82,$186.56,$182.861
02/28/2019,$185.14,7555017,$183.6,$185.19,$183.11
02/27/2019,$183.67,8762089,$187.9,$188.5,$183.21
02/26/2019,$188.3,13513560,$185.59,$188.47,$182.8
02/25/2019,$189.98,6182872,$192.75,$193.4199,$189.96
02/22/2019,$192.39,3320000,$191.69,$192.54,$191.62
02/21/2019,$191.82,3088660,$191.85,$192.37,$190.61
02/20/2019,$191.85,3928676,$192.39,$192.4,$191.11
02/19/2019,$192.33,3828349,$191.71,$193.19,$191.28
02/15/2019,$192.39,4995489,$189.87,$192.62,$189.05
02/14/2019,$187.71,2600623,$187.5,$188.93,$186.0025
02/13/2019,$188.41,4146910,$186.3,$188.68,$185.92
02/12/2019,$185.52,3748228,$183.84,$186.4,$183.52
02/11/2019,$182.92,3652190,$185,$185.42,$182.75
02/08/2019,$184.54,2792250,$183.05,$184.58,$182.72
02/07/2019,$184.07,2787944,$183.74,$184.9231,$182.45
02/06/2019,$184.72,3071868,$186.69,$186.69,$184.06
02/05/2019,$186.39,3995226,$186.89,$186.99,$184.69
02/04/2019,$186.43,3037407,$184.3,$186.43,$183.84
02/01/2019,$184.37,4512703,$184.03,$185.15,$182.83
01/31/2019,$183.53,5134718,$181.5,$184.67,$181.06
01/30/2019,$182.18,5183764,$180.47,$184.2,$179.78
01/29/2019,$179.69,3685377,$178.96,$180.15,$178.09
01/28/2019,$179.83,4061114,$178.97,$179.99,$177.41
01/25/2019,$180.4,4501801,$179.78,$180.87,$178.61
01/24/2019,$177.29,3860067,$177,$177.53,$175.3
01/23/2019,$176.89,4851502,$176.59,$178.06,$174.53
01/22/2019,$177.11,6249265,$177.49,$178.6048,$175.3626
01/18/2019,$179.58,6370944,$176.98,$180.04,$176.18
01/17/2019,$174.87,6459540,$174.01,$175.46,$172
01/16/2019,$177.04,4023265,$177.09,$177.93,$175.86
01/15/2019,$176.47,4999427,$176.08,$177.8212,$175.2
01/14/2019,$178.81,3823363,$177.59,$179.23,$176.9007
01/11/2019,$179.41,3248681,$177.93,$180.26,$177.12
01/10/2019,$179.06,3562920,$178.03,$179.24,$176.34
01/09/2019,$179.73,4915706,$177.87,$181.27,$177.0999
01/08/2019,$177.89,4657743,$178.57,$179.59,$175.61
01/07/2019,$177.04,4910699,$173.83,$178.18,$173.83
01/04/2019,$173.62,4731759,$170.18,$174.74,$169.5203
01/03/2019,$168.61,4822096,$171.84,$171.84,$168.21
01/02/2019,$172.41,4234508,$169.71,$173.18,$169.05
12/31/2018,$171.82,4205015,$171.47,$173.24,$170.65
12/28/2018,$170.22,4551969,$171.22,$173.12,$168.6
12/27/2018,$170.32,5062077,$166.44,$170.46,$163.3627
12/26/2018,$168.28,6115016,$159.46,$168.28,$159.44
12/24/2018,$158.14,4547363,$160.16,$161.4,$158.09
12/21/2018,$160.48,13027230,$162.81,$167.96,$160.17
12/20/2018,$164.16,7667930,$166.28,$167.31,$162.23
12/19/2018,$167.56,6990865,$170.92,$174.95,$166.77
12/18/2018,$170.04,4457191,$168.9,$171.95,$168.5
12/17/2018,$167.97,5610638,$171.51,$171.99,$166.93
12/14/2018,$172.29,4257258,$172.98,$175.14,$171.95
12/13/2018,$173.87,5500165,$174.31,$174.91,$172.07
12/12/2018,$174.21,5912530,$173.75,$176.87,$172.81
12/11/2018,$172.21,4747621,$174.3,$175.6,$171.24
12/10/2018,$171.69,5371655,$173.39,$173.985,$167.73
12/07/2018,$172.79,6096865,$175.35,$178.36,$172.24
12/06/2018,$175.96,7511271,$173.5,$176.04,$170.4551
12/04/2018,$175.3,6980750,$181.06,$182.23,$174.55
12/03/2018,$181.74,7311068,$183.29,$183.5,$179.35
11/30/2018,$180.32,8940189,$175.75,$180.37,$175.11
11/29/2018,$175.66,4327576,$176.8,$177.27,$174.92
11/28/2018,$177.43,7128498,$172.91,$177.65,$170.62
11/27/2018,$173.22,7082333,$169.11,$173.38,$168.82
11/26/2018,$169.82,6139285,$170.2,$172.39,$168.87
11/23/2018,$168.85,2710983,$169.39,$170.33,$168.47
11/21/2018,$169.3,5751746,$170,$170.93,$169.145
11/20/2018,$169.05,8658985,$169.25,$172,$167
11/19/2018,$173.59,6072009,$176.71,$178.88,$172.3
11/16/2018,$177.02,6833875,$173.99,$177.605,$173.51
11/15/2018,$177.36,8657699,$179.01,$179.67,$173.61
11/14/2018,$179.9,7544502,$182.61,$182.9,$179.15
11/13/2018,$179,14266880,$177.3,$181.62,$172.85
11/12/2018,$179.43,7583608,$185.23,$186.95,$179.02
11/09/2018,$185.99,4760428,$188.32,$188.48,$184.96
11/08/2018,$188,4038373,$187.13,$188.69,$185.72
11/07/2018,$187.23,4673211,$183.79,$187.68,$182.06
11/06/2018,$182.01,3338832,$181.93,$182.65,$180.05
11/05/2018,$182.19,3844401,$181.02,$182.41,$179.3
11/02/2018,$179.93,4714994,$182.47,$183.01,$177.39
11/01/2018,$180.46,5181923,$176.84,$180.86,$175.9
10/31/2018,$175.88,6328791,$177.98,$178.85,$175.59
10/30/2018,$176.24,5633796,$173.16,$176.43,$172.64
10/29/2018,$173.2,5911333,$173.74,$175.99,$170.95
10/26/2018,$172.23,9466646,$176.88,$177.34,$170.91
10/25/2018,$179.07,5219353,$177.52,$180.5,$176.8262
10/24/2018,$176.97,6778345,$178.58,$182.3693,$176.31
10/23/2018,$178.53,6978237,$175.77,$179.49,$175.44
10/22/2018,$178.75,4801715,$180.82,$181.4,$177.56
10/19/2018,$179.85,6951669,$180.34,$180.99,$178.57
10/18/2018,$180.44,9184320,$184.26,$185.4,$179.53
10/17/2018,$185.17,8963665,$189.64,$190.67,$183.98
10/16/2018,$193.58,4038661,$191.83,$194.08,$190.61
10/15/2018,$191.17,3506669,$192.36,$193.29,$190.7021
10/12/2018,$192.47,5353959,$192.75,$193.59,$190.16
10/11/2018,$189.74,5827722,$193.71,$196.67,$188.47
10/10/2018,$193.7,6057291,$199.11,$199.24,$193.35
10/09/2018,$195.75,4465054,$197.95,$199.18,$195.58
10/08/2018,$198.41,3662701,$196.24,$198.66,$195.06
10/05/2018,$196.38,5015682,$199.07,$199.7,$194.57
10/04/2018,$198.85,5908539,$203.65,$203.76,$198.27
10/03/2018,$203.74,4113706,$206.162,$206.46,$203.65
10/02/2018,$204.75,4305045,$207.49,$208.04,$204.67
10/01/2018,$207.6,3665565,$208.52,$209.79,$207.37
09/28/2018,$207.15,3481008,$206.44,$208.85,$206.35
09/27/2018,$206.84,3217974,$207.5,$207.83,$205.6713
09/26/2018,$207.52,2849472,$208.58,$209.14,$207.23
09/25/2018,$207.46,4347875,$208.84,$209.3,$206.8
09/24/2018,$207.99,4620776,$211.52,$211.84,$207.96
09/21/2018,$212.39,9738588,$211.3,$212.66,$210.51
09/20/2018,$211.06,3955579,$211.66,$212.61,$211.005
09/19/2018,$211.68,2572720,$212,$212.67,$210.66
09/18/2018,$211.02,4337697,$208.63,$211.73,$208.16
09/17/2018,$208.4,3074051,$209.08,$210.035,$208.26
09/14/2018,$209.07,3584444,$210.19,$210.53,$207.55
09/13/2018,$209.45,4663121,$211.44,$211.44,$208.7
09/12/2018,$211.98,5665717,$214.03,$215.43,$210.91
09/11/2018,$213.85,5962720,$213,$214.66,$211.5
09/10/2018,$210.69,5581023,$208.13,$211.62,$208.13
09/07/2018,$206.23,3672128,$205.45,$207.2299,$205.43
09/06/2018,$205.89,3490345,$204.59,$207.09,$203.8
09/05/2018,$204.15,3666498,$204.83,$206.67,$203.15
09/04/2018,$205.08,4611685,$200.69,$205.92,$200.5
08/31/2018,$200.77,4023276,$199.38,$200.91,$199.29
08/30/2018,$199.26,2823872,$201,$201.44,$199.1
08/29/2018,$201.68,2488008,$201.11,$201.99,$200.7125
08/28/2018,$201.97,3516285,$202.3,$202.4196,$200.63
08/27/2018,$201.98,2521269,$202.83,$202.95,$201.19
08/24/2018,$201.3,3053497,$200.35,$202.5,$200
08/23/2018,$200.16,3594221,$199.39,$201.41,$199.14
08/22/2018,$198.97,4985937,$200.8,$203.55,$198.6505
08/21/2018,$200.23,4118826,$198.83,$200.74,$198.41
08/20/2018,$197.93,2885272,$195.84,$198.44,$195.4
08/17/2018,$195.56,3856087,$195.6,$195.98,$194.82
08/16/2018,$195.39,5689516,$194.02,$196.09,$193.72
08/15/2018,$193.99,6042632,$191.75,$194.18,$191.09
08/14/2018,$193.1,11481050,$195.17,$195.98,$191.27
08/13/2018,$194.14,5239667,$196.3,$197.59,$194
08/10/2018,$196.3,2864056,$197.34,$197.93,$195.6438
08/09/2018,$198.08,2453087,$199,$199.74,$198.04
08/08/2018,$198.02,2176111,$197.44,$198.91,$197.3
08/07/2018,$197.05,3028645,$196.35,$197.2,$195.64
08/06/2018,$195.69,2510966,$195.62,$196.06,$195.11
08/03/2018,$195.64,2309031,$196.03,$196.4,$195.25
08/02/2018,$195.66,3530472,$195.1,$195.8444,$193.55
08/01/2018,$196.3,3086798,$196.86,$197.74,$195.6
07/31/2018,$197.52,2793208,$197.69,$198.03,$196.87
07/30/2018,$197.28,2328320,$196.53,$197.57,$196.4
07/27/2018,$197.14,3871247,$200.21,$200.49,$196.68
07/26/2018,$199.4,4280009,$201.53,$202.12,$198.91
07/25/2018,$201,4380946,$201.4,$202.29,$199.07
07/24/2018,$201.99,5058009,$203.53,$204.25,$201.35
07/23/2018,$202.23,2077206,$202.46,$203.39,$201.9
07/20/2018,$202.45,3564126,$202.08,$203.76,$201.82
07/19/2018,$202.63,3653070,$200.89,$203.23,$200.5463
07/18/2018,$200.97,3782377,$201.02,$201.92,$200.19
07/17/2018,$201.1,4166834,$198.63,$201.43,$198.63
07/16/2018,$198.88,2525645,$199.14,$199.22,$197.89
07/13/2018,$198.69,2308074,$198.46,$199.93,$198.46
07/12/2018,$197.95,2709167,$198.2,$198.48,$197
07/11/2018,$196.95,3086175,$197.22,$197.76,$195.9506
07/10/2018,$197.61,2833707,$196.56,$197.76,$196.38
07/09/2018,$196.08,2566101,$195.7,$196.71,$195.03
07/06/2018,$194.48,2552053,$194.58,$195.35,$192.95
07/05/2018,$194.41,2340441,$194.49,$194.74,$193.13
07/03/2018,$193.62,1608418,$194.44,$195.71,$193.41
07/02/2018,$194.02,3761065,$193.82,$194.18,$192.12
06/29/2018,$195.1,4100997,$195.86,$198.83,$194.99
06/28/2018,$195.21,2993911,$195,$196.01,$193.51
06/27/2018,$195.02,3764252,$196.66,$197.99,$195.01
06/26/2018,$196.36,3266183,$196.58,$197.33,$195.6
06/25/2018,$196.38,5053701,$197.41,$197.84,$195.06
06/22/2018,$197.41,7037559,$200.79,$201.2,$197.17
06/21/2018,$200.31,4587762,$199.21,$200.94,$198.61
06/20/2018,$199.08,3389246,$200,$200.13,$198.12
06/19/2018,$199.21,5498375,$198.21,$199.9,$198.1
06/18/2018,$200.69,3405145,$198.94,$200.91,$198.11
06/15/2018,$200.54,7819390,$198.95,$201.6,$198.5
06/14/2018,$199.67,4298004,$200.26,$201,$198.16
06/13/2018,$200.31,5072867,$201.3,$201.58,$199.6588
06/12/2018,$201.31,4596692,$199.84,$201.34,$199.51
06/11/2018,$199.64,3999712,$198.91,$200.52,$198.34
06/08/2018,$198.33,3999685,$195.87,$198.5,$195.01
06/07/2018,$196.17,4378716,$193.83,$197.2,$193.83
06/06/2018,$193.59,4133990,$193.07,$193.59,$191.21
06/05/2018,$191.94,4230923,$190.44,$192.38,$189.7
06/04/2018,$191.36,4100004,$188.22,$191.54,$187.97
06/01/2018,$187.35,3705976,$187.21,$188.83,$186.52
05/31/2018,$186.55,4837366,$187.16,$187.36,$185.25
05/30/2018,$187.09,3969996,$184.83,$187.8,$184.01
05/29/2018,$185,4720738,$185.55,$186.83,$184.25
05/25/2018,$186.85,2730401,$186.71,$187.8302,$186.05
05/24/2018,$187.15,3929410,$186.79,$187.41,$184.67
05/23/2018,$186.67,7382983,$187.1,$187.315,$184.98
05/22/2018,$186.87,4584822,$190.06,$190.78,$186.5175
05/21/2018,$189.79,4134950,$188.2,$190.67,$188
05/18/2018,$187.42,4695953,$185.75,$188.21,$185.55
05/17/2018,$185.33,4226408,$186.25,$187.18,$184.87
05/16/2018,$186.38,5042990,$189.28,$189.28,$185.9
05/15/2018,$187.98,10137510,$189.5,$189.69,$186.101
05/14/2018,$191.08,7003494,$191.5,$191.65,$189.86
05/11/2018,$190.31,5341257,$187.63,$190.8,$187.35
05/10/2018,$187.16,3847967,$185.97,$187.97,$185.88
05/09/2018,$186.36,3384699,$185.03,$186.5,$183.57
05/08/2018,$185.04,4127936,$183.45,$185.3,$182.5
05/07/2018,$183.56,3579194,$185.4,$185.5,$182.67
05/04/2018,$185.03,3895820,$182.75,$186.35,$181.84
05/03/2018,$183.19,4113775,$184.87,$184.9,$181.201
05/02/2018,$185.91,3863135,$184.49,$187.12,$183.75
05/01/2018,$184.63,3423474,$184.73,$184.73,$181.4
04/30/2018,$184.8,4172755,$186.99,$187.8,$184.8
04/27/2018,$186.46,4380591,$185.49,$187.0432,$183.87
04/26/2018,$185.72,8650092,$178.46,$185.93,$178.08
04/25/2018,$177.39,5586795,$176.08,$178.07,$174.55
04/24/2018,$176.26,4434418,$179.3,$180,$175.05
04/23/2018,$177.66,2973410,$177.62,$178.38,$176.13
04/20/2018,$177.01,5007988,$177.85,$178.89,$176.32
04/19/2018,$177.08,5392535,$179.5,$179.7,$175.77
04/18/2018,$179.85,5852692,$175,$180.25,$174.99
04/17/2018,$174.91,3106283,$175.76,$176.24,$174.1
04/16/2018,$174.43,3533586,$174.23,$175.6,$173.32
04/13/2018,$172.8,4148456,$174.49,$175.51,$172.225
04/12/2018,$173.36,3384810,$173.31,$174.24,$172.9
04/11/2018,$172.86,3916058,$172,$175.06,$171.8
04/10/2018,$173.49,4804158,$174.03,$174.1851,$172.2352
04/09/2018,$172.51,5074886,$175.06,$175.35,$172.37
04/06/2018,$174.45,5233303,$177.98,$178.52,$173.35
04/05/2018,$179.13,3673563,$178,$180.04,$177.31
04/04/2018,$177.44,4756278,$170.8,$177.84,$170.4204
04/03/2018,$173.76,5281340,$172.78,$174.9385,$172.43
04/02/2018,$172.9,7209677,$177.15,$177.69,$170.42
03/29/2018,$178.24,4422570,$175.7,$178.64,$175.5
03/28/2018,$174.76,4314701,$175.24,$177.53,$173.92
03/27/2018,$174.68,4711802,$177.38,$178.73,$173.6
03/26/2018,$176.38,7183239,$174.11,$176.8,$173.515
03/23/2018,$171.8,6008817,$176.24,$177.56,$171.56
03/22/2018,$175.29,5083166,$177.42,$178.56,$175.08
03/21/2018,$178.02,3479619,$178.35,$180.14,$177.68
03/20/2018,$178.16,4144531,$177.64,$178.8883,$177.16
03/19/2018,$177.1,4665280,$178.65,$179.32,$176
03/16/2018,$178.96,8410459,$178.43,$180.4,$177.97
03/15/2018,$178.07,3749254,$177.69,$179.86,$176.72
03/14/2018,$177.41,4526128,$179.1,$179.66,$175.89
03/13/2018,$178.35,6119792,$179.59,$180.95,$177.86
03/12/2018,$179.71,4957243,$182.43,$183.06,$179.55
03/09/2018,$182.16,4474927,$179,$182.24,$177.92
03/08/2018,$177.94,4952915,$179.44,$179.98,$176.73
03/07/2018,$178.58,4797945,$178.82,$180,$176.82
03/06/2018,$181.64,5289074,$182.75,$183,$179.51
03/05/2018,$181.74,5745649,$177.86,$182.26,$177.7
03/02/2018,$178.46,5670372,$177.72,$179.185,$176.34
03/01/2018,$179.64,6122289,$182.75,$184.4,$178.25
02/28/2018,$182.27,6416187,$184.41,$186.6495,$182.27
02/27/2018,$184.98,4614807,$188.87,$189.25,$184.96
02/26/2018,$188.46,4406204,$189.17,$189.79,$187.8601
02/23/2018,$188.35,4293461,$186.2,$188.41,$185.62
02/22/2018,$185.47,5650523,$183.72,$186.2199,$182.91
02/21/2018,$183.06,7520276,$187.21,$187.98,$182.86
02/20/2018,$186.71,8915845,$189.9,$191.44,$186.31
02/16/2018,$186.97,7588389,$185.06,$187.99,$184.86
02/15/2018,$185.27,5108420,$186.74,$187.19,$183.255
02/14/2018,$184.69,6761797,$181.88,$185.06,$181.05
02/13/2018,$183.72,4261882,$183.23,$183.99,$180.89
02/12/2018,$184.06,6780372,$186.55,$187.01,$183.41
02/09/2018,$184.12,9055892,$183.25,$186,$175.79
02/08/2018,$181.22,7227848,$191.14,$191.14,$180.93
02/07/2018,$191.29,6013497,$190.73,$194.515,$189.72
02/06/2018,$191.04,11679930,$178.62,$191.96,$175.42
02/05/2018,$183.11,10516010,$190.07,$194.295,$180.38
02/02/2018,$193.97,6040731,$199.25,$199.3,$193.44
02/01/2018,$199.9,3552434,$199.34,$202.25,$198.28
01/31/2018,$200.9,4534826,$203.22,$205.083,$200.23
01/30/2018,$201.81,5979158,$201.47,$203.15,$191.57
01/29/2018,$204.92,3605990,$207.23,$207.605,$204.71
01/26/2018,$207.23,3766504,$205.6,$207.3098,$204.44
01/25/2018,$205.37,3534053,$206.8,$206.83,$203.84
01/24/2018,$206.22,4098027,$205.2,$207.1,$204.551
01/23/2018,$204.9,3597942,$204.89,$206.35,$204.151
01/22/2018,$204.46,4849101,$201.6,$204.47,$201.51
01/19/2018,$201.33,5790981,$199.81,$201.33,$199.13
01/18/2018,$198.33,4460343,$199.78,$200.24,$197.66
01/17/2018,$199.82,3995270,$197.5,$199.82,$196.8401
01/16/2018,$196.31,5661794,$197.86,$198.9496,$195.7
01/12/2018,$196.42,6746001,$195.5,$199.42,$194.82
01/11/2018,$194.68,3895340,$191.68,$194.73,$191.4
01/10/2018,$191.8,3116355,$192.76,$193.216,$191.65
01/09/2018,$193.1,3007972,$192.7,$193.47,$191.64
01/08/2018,$192.04,3503481,$191.72,$193.72,$191.6
01/05/2018,$192.5,4223343,$190.93,$192.54,$190.51
01/04/2018,$190.51,4046966,$189.87,$190.87,$188.47
01/03/2018,$189.01,4530010,$188,$189.36,$187.819
01/02/2018,$188.03,4684064,$190.21,$190.72,$188.0103
12/29/2017,$189.53,4637060,$190.74,$190.74,$189.53
12/28/2017,$189.78,3175601,$190.91,$190.98,$189.64
12/27/2017,$190.19,5910599,$190.6,$191.49,$190.01
12/26/2017,$190.36,2963155,$188.53,$190.42,$188.34
12/22/2017,$188.13,3256509,$188.46,$188.46,$187.27
12/21/2017,$188.08,5855241,$187.89,$188.84,$187.44
12/20/2017,$187.31,5382622,$187,$187.9024,$186.035
12/19/2017,$185.98,4492044,$185.24,$186.72,$184.6
12/18/2017,$184.73,5011569,$183.5,$185.47,$183.5
12/15/2017,$182.58,8199590,$182.99,$183.21,$182.13
12/14/2017,$182.13,3542577,$183.59,$184,$182.06
12/13/2017,$183.03,5176163,$182.01,$183.67,$182
12/12/2017,$181.8,5274612,$182.75,$183.21,$181.66
12/11/2017,$182.25,5537858,$182.9,$182.96,$181.1201
12/08/2017,$183.41,5091436,$182.5,$183.9,$182.16
12/07/2017,$182,5484303,$180.05,$182.58,$179.77
12/06/2017,$180.8,6887377,$180.25,$182.15,$178.68
12/05/2017,$182.85,6341919,$184.79,$184.91,$182.2589
12/04/2017,$184.9,6190213,$183.19,$186.31,$183.19
12/01/2017,$180.42,4603856,$180.32,$180.6,$176.7
11/30/2017,$179.82,9122675,$178.07,$180.67,$177.41
11/29/2017,$177.25,4888706,$176.57,$178.43,$175.68
11/28/2017,$176.57,6047956,$174.89,$176.77,$172.9911
11/27/2017,$174.16,4539303,$172.87,$174.91,$172.38
11/24/2017,$172.33,1853587,$172.11,$173.1,$171.7425
11/22/2017,$172.06,4132396,$172.89,$172.94,$172.04
11/21/2017,$172.86,6224148,$170.53,$172.86,$170.15
11/20/2017,$170.45,4695428,$168.14,$170.69,$167.8
11/17/2017,$167.74,4529905,$167,$168.43,$166.06
11/16/2017,$167.5,4585029,$166.68,$167.76,$166.06
11/15/2017,$165.47,5463931,$167.44,$167.44,$165.35
11/14/2017,$168.06,10228430,$163.62,$168.14,$163.15
11/13/2017,$165.35,7164810,$164.64,$166.64,$164.25
11/10/2017,$164.11,3553230,$163.34,$164.58,$162.93
11/09/2017,$163.27,3400652,$164.1,$164.135,$162.28
11/08/2017,$164.05,2912855,$163.34,$164.68,$163.27
11/07/2017,$163.66,3196618,$164.09,$164.4,$162.83
11/06/2017,$164.22,3275119,$164.8,$164.88,$163.01
11/03/2017,$164.39,3078360,$163.01,$164.99,$162.68
11/02/2017,$162.71,6509043,$165.01,$165.01,$160.53
11/01/2017,$165.38,3564119,$166.42,$166.74,$165.12
10/31/2017,$165.78,2917745,$165.4,$166.34,$165.1
10/30/2017,$165.31,3900110,$166.99,$166.99,$164.88
10/27/2017,$167.34,3718103,$166.8,$167.75,$166.46
10/26/2017,$167.65,3748052,$166.39,$167.94,$166.1068
10/25/2017,$166.07,4189075,$166.11,$166.95,$165.3803
10/24/2017,$166.03,3663003,$164.67,$166.46,$164.65
10/23/2017,$164.74,3991776,$164.04,$166.265,$163.75
10/20/2017,$163.43,4094945,$163.97,$164.15,$162.74
10/19/2017,$163.24,2672517,$163.5,$164.11,$162.77
10/18/2017,$163.45,2758010,$163.42,$164.24,$163.35
10/17/2017,$163.35,4160953,$164.22,$164.92,$161.5111
10/16/2017,$164.22,2585938,$164.47,$164.67,$163.26
10/13/2017,$164.47,3252715,$164.92,$166.0699,$164.35
10/12/2017,$164.59,3458664,$165.41,$165.41,$164.47
10/11/2017,$165.25,2319111,$165.19,$165.865,$164.45
10/10/2017,$165.16,2755375,$165.7,$165.8,$164.64
10/09/2017,$165.71,2131437,$166.14,$166.63,$165.42
10/06/2017,$165.85,2897309,$166.18,$166.63,$165.74
10/05/2017,$166.12,3493807,$165.07,$166.25,$164.26
10/04/2017,$165.29,2738444,$165.49,$166.08,$164.91
10/03/2017,$165.17,3046204,$164.06,$165.28,$164
10/02/2017,$164.02,2635440,$164.2,$164.25,$163.22
09/29/2017,$163.56,3446121,$162.5,$163.61,$162.15
09/28/2017,$162.36,4610947,$160.72,$162.45,$160.66
09/27/2017,$160.92,3922540,$161.38,$161.69,$160.14
09/26/2017,$161.26,3075068,$161.55,$162,$160.79
09/25/2017,$161.1,4861448,$160.05,$161.43,$159.75
09/22/2017,$159.97,3576063,$159.14,$160.09,$159.01
09/21/2017,$159.19,2892233,$158.87,$159.556,$158.72
09/20/2017,$158.68,4596396,$157.57,$159.39,$157.36
09/19/2017,$157.66,3703710,$157.8,$158.32,$157.16
09/18/2017,$157.81,4003948,$159,$159,$157.69
09/15/2017,$158.4,9101430,$159.98,$159.99,$158.29
09/14/2017,$159.38,5280860,$160.35,$160.85,$159.33
09/13/2017,$160.02,4704553,$160.39,$161.38,$159.55
09/12/2017,$159.91,5779997,$159.06,$160.93,$158.71
09/11/2017,$158.37,8844733,$158.42,$158.74,$156.22
09/08/2017,$159.66,10066800,$159.09,$160.69,$157.52
09/07/2017,$157.93,8258520,$158.17,$159.28,$156.79
09/06/2017,$156.56,8114018,$154.86,$157.03,$154.145
09/05/2017,$152.93,7503747,$151.71,$153.92,$151.7
09/01/2017,$150.78,3382461,$150.26,$150.94,$149.76
08/31/2017,$149.87,6082108,$150.61,$150.925,$149.85
08/30/2017,$150,3637619,$150,$150.25,$149.28
08/29/2017,$149.84,5360757,$150.07,$150.9,$149.03
08/28/2017,$151.39,6836305,$151.94,$152.39,$150.43
08/25/2017,$149.65,3026011,$148.51,$150.53,$148.4
08/24/2017,$148.25,3735054,$149.73,$150.6,$147.98
08/23/2017,$149.1,5203150,$148.58,$149.48,$147.4271
08/22/2017,$149.91,3267334,$149.29,$150.58,$149.29
08/21/2017,$149.2,4210017,$147.1,$149.88,$146.89
08/18/2017,$147.49,6845373,$149.61,$149.61,$146.96
08/17/2017,$149.67,4368875,$151.81,$152.15,$149.61
08/16/2017,$152.25,6040785,$151.45,$152.95,$151.16
08/15/2017,$150.17,13508910,$154.275,$154.8,$148.26
08/14/2017,$154.26,6642327,$156.04,$156.05,$153.56
08/11/2017,$154.88,3645144,$154.11,$155.72,$153.98
08/10/2017,$153.88,4423448,$155.19,$155.98,$153.88
08/09/2017,$155.26,3842218,$153.35,$155.57,$153.32
08/08/2017,$153.35,3196695,$153.32,$154.2,$153.08
08/07/2017,$153.35,3832995,$152.83,$154.47,$152.47
08/04/2017,$152.75,3256147,$151.01,$152.75,$150.8
08/03/2017,$150.79,5146465,$150.7,$152.03,$150.5
08/02/2017,$150.5,3753303,$149.94,$150.86,$149.92
08/01/2017,$149.85,4097532,$150.24,$150.39,$148.95
07/31/2017,$149.6,5251923,$148,$149.98,$147.54
07/28/2017,$148.08,3421024,$147.9,$148.27,$147.32
07/27/2017,$147.73,5393567,$146.18,$147.86,$145.89
07/26/2017,$146.69,2835360,$146.86,$147.245,$145.96
07/25/2017,$146.97,5001538,$145.74,$147.4,$145.28
07/24/2017,$144.58,7294263,$146.61,$146.69,$144.25
07/21/2017,$146.65,9114891,$147.03,$147.46,$146.13
07/20/2017,$147.03,18242890,$152.56,$152.57,$145.61
07/19/2017,$153.3,2805581,$152.55,$154,$152.55
07/18/2017,$152.17,3775897,$153.75,$153.86,$151.98
07/17/2017,$153.89,4160950,$152.9,$154.5,$152.72
07/14/2017,$152.88,3567490,$153.22,$153.67,$151.82
07/13/2017,$153.29,3251358,$152.82,$154.13,$152.6
07/12/2017,$152.59,4275810,$151.46,$153.14,$151.09
07/11/2017,$150.6,5639742,$151.45,$151.81,$150.5
07/10/2017,$151.18,5034213,$152.22,$152.26,$151
07/07/2017,$152.23,3668746,$152.04,$152.87,$151.9
07/06/2017,$152.05,3404693,$151.77,$152.48,$151.22
07/05/2017,$152.69,4432527,$154.01,$154.295,$151.46
07/03/2017,$154.01,1658535,$154.39,$154.79,$153.71
06/30/2017,$153.4,3637683,$152.51,$154,$152.27
06/29/2017,$152.16,2852426,$152.77,$153,$151.52
06/28/2017,$153.23,5079113,$152.75,$153.45,$152.36
06/27/2017,$152.24,4566725,$151.06,$153.25,$150.75
06/26/2017,$151.42,4126987,$151.67,$151.97,$151.13
06/23/2017,$151.31,11418870,$155.16,$155.23,$150.91
06/22/2017,$155.48,3347363,$156.44,$157.07,$155.47
06/21/2017,$156.59,4070968,$157.91,$158.53,$156.43
06/20/2017,$157.67,4201221,$158.73,$159.2242,$157.6
06/19/2017,$158.81,5102382,$156.91,$159.03,$156.39
06/16/2017,$156.64,9104773,$156.25,$156.69,$155.41
06/15/2017,$156.77,3972080,$156.13,$157.27,$154.92
06/14/2017,$156.76,5996462,$154.5,$157.28,$153.96
06/13/2017,$153.99,3749009,$152.31,$154.04,$152.06
06/12/2017,$152.18,4471076,$152.8,$153.3,$151.73
06/09/2017,$152.96,4705272,$154,$154,$152.78
06/08/2017,$153.5,4021411,$155.16,$155.2335,$153.3801
06/07/2017,$154.96,3158039,$154.69,$155.3,$154.35
06/06/2017,$154.2,3257777,$154.44,$154.66,$153.65
06/05/2017,$154.79,2651771,$155.53,$155.62,$154.23
06/02/2017,$155.35,3481327,$154.79,$155.86,$154.42
06/01/2017,$155.15,3383273,$153.52,$155.16,$152.74
05/31/2017,$153.51,7156354,$154.36,$154.38,$153.28
05/30/2017,$153.88,3499883,$154,$154.56,$153.52
05/26/2017,$154.9,4284054,$156.1,$156.42,$154.64
05/25/2017,$156.46,3107260,$156.2,$156.69,$155.35
05/24/2017,$155,4591646,$154.7,$155.43,$153.29
05/23/2017,$154.83,4640232,$155.91,$156.43,$154.68
05/22/2017,$155.96,3800638,$156.49,$157,$155.8
05/19/2017,$156.3,4765200,$156.04,$156.74,$155.32
05/18/2017,$155.7,4606463,$155.48,$156.665,$155.24
05/17/2017,$156.09,5931589,$157.08,$157.3,$155.89
05/16/2017,$158.26,10116830,$160.11,$160.86,$158.05
05/15/2017,$157.33,5832878,$157.28,$157.84,$156.66
05/12/2017,$156.92,2921187,$156.39,$157.2,$155.75
05/11/2017,$156.2,3924715,$157.35,$157.7,$155.33
05/10/2017,$158.13,2616863,$157.52,$158.15,$157.3
05/09/2017,$157.68,3001521,$157.04,$157.74,$156.29
05/08/2017,$156.89,3184532,$155.85,$157.16,$155.49
05/05/2017,$155.73,2500236,$155.34,$155.75,$154.09
05/04/2017,$154.86,3788653,$155.46,$155.64,$154.26
05/03/2017,$155,2445354,$155.16,$155.39,$154.59
05/02/2017,$154.95,3178579,$154.49,$155.16,$153.76
05/01/2017,$154.21,3151165,$156.22,$156.27,$154.21
04/28/2017,$156.1,4982778,$156.01,$156.25,$154.102
04/27/2017,$156.12,5881207,$154.69,$156.27,$153.89
04/26/2017,$154.22,5114867,$153.11,$154.8076,$152.4
04/25/2017,$153.03,5495937,$152.79,$154.65,$152.79
04/24/2017,$151.89,5076437,$151.08,$152.0601,$150.85
04/21/2017,$150,5019344,$148.49,$150.146,$148.4
04/20/2017,$148.72,3700070,$147.66,$149.05,$147.44
04/19/2017,$147.22,3460973,$147.93,$148.4,$147.02
04/18/2017,$147.76,2969308,$147.06,$148.18,$146.77
04/17/2017,$147.31,3467600,$145.9,$147.31,$145.76
04/13/2017,$145.91,2329537,$146.42,$147.01,$145.87
04/12/2017,$146.54,4444996,$147.42,$147.57,$146.367
04/11/2017,$148.2,2844788,$147.91,$148.65,$147.1
04/10/2017,$148.21,5043053,$146.96,$148.995,$146.75
04/07/2017,$147.13,2869103,$147.1,$147.8,$146.9
04/06/2017,$147.24,2699646,$147.04,$147.96,$147
04/05/2017,$146.64,3388961,$146.63,$148.44,$146.58
04/04/2017,$146.34,3124198,$146.5,$146.9,$146.05
04/03/2017,$146.62,3775271,$146.94,$147.2005,$146.09
03/31/2017,$146.83,3248666,$146.87,$147.18,$146.65
03/30/2017,$146.95,2450779,$146.72,$147.38,$146.43
03/29/2017,$147.04,3729969,$146.37,$147.42,$145.96
03/28/2017,$147.2,4635498,$147.29,$147.35,$145.94
03/27/2017,$146.87,2943004,$147.07,$147.68,$146.26
03/24/2017,$147.71,4735350,$147.85,$150.15,$147.01
03/23/2017,$147.99,3219051,$147.28,$148.41,$147.03
03/22/2017,$147.36,3166437,$146.73,$147.93,$146.06
03/21/2017,$146.61,4523257,$148.33,$148.7,$146.26
03/20/2017,$147.8,5905859,$149.38,$149.59,$147.7
03/17/2017,$149.6,8994811,$149.4,$149.99,$148.13
03/16/2017,$148.73,3542308,$148.4,$149.19,$148.01
03/15/2017,$147.95,3669998,$147.35,$148.38,$146.76
03/14/2017,$147.16,3272674,$147.27,$147.59,$146.46
03/13/2017,$147.43,2814961,$147.33,$147.67,$146.5
03/10/2017,$146.85,3122443,$147.24,$147.46,$146.45
03/09/2017,$146.62,3594664,$147.08,$147.16,$146.53
03/08/2017,$146.92,3611512,$146.22,$147.12,$145.92
03/07/2017,$146.02,3995889,$146.33,$146.95,$145.83
03/06/2017,$147.13,3994425,$147.13,$147.51,$146.58
03/03/2017,$147.81,3413198,$148.12,$148.26,$146.82
03/02/2017,$147.95,4046550,$147.08,$148.23,$146.3886
03/01/2017,$146.68,6213340,$146.72,$147.6999,$145.891
02/28/2017,$144.91,4211164,$144.98,$145.63,$144.465
02/27/2017,$145.3,4381787,$145.87,$146.01,$144.8
02/24/2017,$145.95,3511799,$144.65,$146.0799,$144.65
02/23/2017,$144.71,4182642,$146.11,$146.33,$144.51
02/22/2017,$145.25,5037239,$145.05,$145.47,$143.97
02/21/2017,$145.02,9274546,$145.6,$145.65,$143.25
02/17/2017,$143,5079322,$141.36,$143.12,$141
02/16/2017,$141.54,4295367,$142.39,$142.985,$140.9
02/15/2017,$142.19,4343492,$141.27,$142.66,$140.95
02/14/2017,$141.36,4775120,$139.95,$141.365,$139.34
02/13/2017,$139.87,2753063,$140.48,$140.65,$139.05
02/10/2017,$139.85,3296663,$138.6,$140.57,$138.245
02/09/2017,$138.71,2931853,$137.78,$139.15,$137.41
02/08/2017,$137.88,2879047,$136.89,$137.91,$136.82
02/07/2017,$136.65,3239015,$137.16,$137.7,$136.33
02/06/2017,$136.49,3863055,$137.43,$137.9,$136.45
02/03/2017,$137.98,2653721,$137.26,$138.47,$136.97
02/02/2017,$136.95,2195067,$137.47,$137.55,$136.56
02/01/2017,$137.44,2959601,$137.66,$137.96,$136.53
01/31/2017,$137.58,3225224,$137.63,$138.615,$136.85
01/30/2017,$138.47,2704897,$137.99,$138.49,$136.86
01/27/2017,$138.33,3145823,$138.8,$138.83,$137.7
01/26/2017,$138.46,2931349,$138.01,$139.18,$137.71
01/25/2017,$137.48,3630775,$138.45,$139.37,$137.43
01/24/2017,$138.06,4050949,$137.88,$138.38,$137.3
01/23/2017,$138.07,7037949,$135.31,$138.27,$135
01/20/2017,$135.6,4853602,$135.26,$136,$134.6
01/19/2017,$135.39,5078525,$136,$136.78,$134.93
01/18/2017,$136.16,3869676,$135.9,$136.295,$134.92
01/17/2017,$135.93,3976936,$135.09,$136.48,$134.76
01/13/2017,$135.04,3117699,$134.92,$135.75,$134.76
01/12/2017,$135.07,3600179,$135.51,$135.53,$133.94
01/11/2017,$135.7,4641181,$136.1,$136.385,$134.74
01/10/2017,$136.1,5927979,$134,$136.38,$133.77
01/09/2017,$134.31,4307454,$133.22,$134.76,$133.14
01/06/2017,$133.53,3824085,$133.97,$134.33,$133.05
01/05/2017,$133.9,3713445,$134.98,$135.46,$133.7801
01/04/2017,$135.5,4050888,$134.34,$135.94,$134.21
01/03/2017,$134.31,5300408,$135.1,$135.51,$133.589
12/30/2016,$134.08,4149055,$135.64,$135.82,$133.83
12/29/2016,$135.1,2777884,$135.02,$135.8499,$134.63
12/28/2016,$135.07,3321745,$135.57,$135.86,$134.66
12/27/2016,$135.26,2254679,$134.76,$135.72,$134.71
12/23/2016,$135.05,2337535,$135.65,$135.99,$134.79
12/22/2016,$135.43,4094479,$136.25,$137,$135.18
12/21/2016,$136.83,2705503,$136.93,$137.24,$136.56
12/20/2016,$137.11,4300362,$135.65,$137.24,$135.43
12/19/2016,$135.44,3460703,$135.06,$136.5,$134.79
12/16/2016,$135.11,9429092,$136.11,$136.61,$135.05
12/15/2016,$135.84,5836283,$136.51,$137.325,$135.77
12/14/2016,$135.98,7029182,$136.05,$136.88,$135.75
12/13/2016,$136.54,6789804,$134.55,$136.89,$134.55
12/12/2016,$134.58,6272158,$133.13,$134.66,$133.13
12/09/2016,$133.39,5168987,$132.51,$133.4,$131.1
12/08/2016,$132.53,4975117,$132.21,$133.13,$131.58
12/07/2016,$132.46,6985607,$128.75,$133.06,$128.75
12/06/2016,$128.74,4292431,$130.13,$130.14,$128.6775
12/05/2016,$129.68,4064655,$130.32,$130.46,$129.56
12/02/2016,$129.87,3735762,$129.04,$130.615,$128.91
12/01/2016,$129.47,5398638,$129.34,$130.35,$129
11/30/2016,$129.4,6972768,$129.34,$130.32,$128.81
11/29/2016,$129.62,4122995,$130.35,$130.78,$129.25
11/28/2016,$130.64,4743742,$131.25,$131.65,$130.17
11/25/2016,$131.57,2545977,$131.86,$132.135,$131.07
11/23/2016,$131.21,3606202,$131.36,$131.99,$130.86
11/22/2016,$130.98,5521684,$128.38,$131.3,$128.38
11/21/2016,$128.22,4064958,$128.28,$128.9,$127.41
11/18/2016,$128.33,4426357,$128.93,$129.36,$127.72
11/17/2016,$128.93,6746358,$125.87,$129.14,$125.7
11/16/2016,$125.33,9771110,$123.6,$125.7,$123.28
11/15/2016,$124.4,13426200,$127.07,$127.67,$122.92
11/14/2016,$127.67,11424460,$130.5,$130.64,$126.94
11/11/2016,$129.85,5491391,$129.06,$130.13,$128.72
11/10/2016,$129.03,8722531,$126.72,$130.1,$126.51
11/09/2016,$126.02,8040724,$120.95,$126.26,$120.32
11/08/2016,$124.25,6095418,$123.95,$125.42,$123.6
11/07/2016,$123.75,5497371,$122.5,$123.98,$122.31
11/04/2016,$120.91,4605646,$120.54,$121.9,$120.06
11/03/2016,$120.18,5113481,$120.34,$120.93,$120.08
11/02/2016,$120.29,4841690,$119.93,$121.29,$119.82
11/01/2016,$119.89,7470169,$121.69,$122.25,$119.2
10/31/2016,$122.01,5671523,$123.35,$123.5,$121.62
10/28/2016,$123.58,4494671,$122.7,$124.09,$122.2065
10/27/2016,$122.26,4259349,$122.71,$123.46,$121.85
10/26/2016,$122.71,5454156,$122.83,$123.75,$122.4
10/25/2016,$123.34,8722838,$126.27,$126.27,$123.29
10/24/2016,$127.78,3821029,$127.23,$128.14,$127.23
10/21/2016,$126.6,3217777,$125.31,$126.8,$125.25
10/20/2016,$126.25,3543223,$125.95,$127.08,$125.57
10/19/2016,$125.89,4095509,$125.76,$126.09,$124.51
10/18/2016,$125.74,3558670,$126.15,$126.25,$125.15
10/17/2016,$125.14,3746397,$126.18,$126.8,$124.88
10/14/2016,$126.42,4462032,$126.9,$127.56,$126.42
10/13/2016,$126.29,3655714,$126.25,$126.66,$125.173
10/12/2016,$126.69,3543326,$125.85,$127.16,$125.71
10/11/2016,$125.85,5106792,$126.85,$127.08,$125.46
10/10/2016,$127.25,4345486,$128.45,$128.94,$127.25
10/07/2016,$128.31,5496050,$129.83,$130.41,$127.88
10/06/2016,$130.19,7459861,$126.87,$130.45,$126.43
10/05/2016,$127.58,4107731,$128.32,$129.03,$127.52
10/04/2016,$128.2,4847942,$128.53,$129.92,$127.95
10/03/2016,$128.5,3652558,$128.2,$128.82,$127.97
09/30/2016,$128.68,5613636,$127.87,$129.24,$127.63
09/29/2016,$127.93,5983384,$128.5,$130.74,$127.91
09/28/2016,$128.27,5740245,$127.21,$128.53,$127.06
09/27/2016,$126.82,4425322,$125.8,$126.99,$125.36
09/26/2016,$125.45,5336764,$127.1,$127.23,$125.35
09/23/2016,$127.79,4460674,$128.63,$129.2,$127.79
09/22/2016,$128.75,4087011,$128.82,$129.65,$128.72
09/21/2016,$128.11,5355120,$127.52,$128.59,$126.55
09/20/2016,$126.83,3617675,$126.86,$127.33,$126.33
09/19/2016,$126.29,4471088,$126.68,$127.37,$126.17
09/16/2016,$126.11,6940052,$127.02,$127.02,$125.7
09/15/2016,$126.96,5101532,$125.97,$127.635,$125.71
09/14/2016,$126.26,4310707,$125.61,$126.945,$125.565
09/13/2016,$125.72,6367837,$127.74,$128,$125.43
09/12/2016,$128.59,7873960,$126.5,$128.855,$126
09/09/2016,$127.74,6206859,$130.64,$130.89,$127.73
09/08/2016,$131.26,5010447,$131.55,$132.94,$131.12
09/07/2016,$132.79,4672325,$133.3,$133.87,$132.16
09/06/2016,$134.1,4212692,$134.96,$135.72,$133.8814
09/02/2016,$135.15,3398298,$134.77,$135.88,$134.55
09/01/2016,$134.23,3850786,$134.48,$135.06,$133.66
08/31/2016,$134.12,4650514,$133.89,$134.68,$133.6
08/30/2016,$134.1,3440420,$134.8,$135.05,$133.63
08/29/2016,$135.24,3224867,$134.86,$135.3,$134.58
08/26/2016,$134.36,4193274,$135.43,$136.18,$133.92
08/25/2016,$135.43,3166189,$134.73,$136.16,$134.37
08/24/2016,$135.06,3440053,$135.77,$136.25,$134.81
08/23/2016,$136.22,2957238,$135.93,$136.55,$135.93
08/22/2016,$135.34,2752422,$135.6,$135.85,$135.02
08/19/2016,$135.46,3781586,$134.42,$135.76,$134.32
08/18/2016,$134.8,4427493,$136.03,$136.15,$134.44
08/17/2016,$136.15,5222093,$135.5,$136.47,$134.75
08/16/2016,$136.23,7279583,$137.65,$138.65,$135.66
08/15/2016,$137.06,6314314,$137.11,$137.97,$136.93
08/12/2016,$136.57,4084766,$136,$137.39,$135.6321
08/11/2016,$137.04,4178521,$136.31,$137.5,$135.17
08/10/2016,$135.6,3430829,$136.3,$136.89,$135.06
08/09/2016,$136.11,3178123,$136.27,$137.09,$135.34
08/08/2016,$136.21,3182731,$136.91,$137.401,$136.16
08/05/2016,$136.91,3022069,$137,$137.74,$136.6
08/04/2016,$136.05,3802914,$135.79,$137.2,$135.46
08/03/2016,$137.06,3642633,$137.13,$137.22,$135.7
08/02/2016,$137.22,3894119,$138.91,$139,$136.82
08/01/2016,$138.77,3152357,$138.06,$138.94,$137.85
07/29/2016,$138.24,3654720,$137.46,$138.72,$137.44
07/28/2016,$137.96,3229764,$136.19,$138.12,$136.105
07/27/2016,$136.31,3029514,$137.01,$137.69,$135.96
07/26/2016,$136.75,2573470,$136.5,$137.51,$136.06
07/25/2016,$136.5,3350046,$136.55,$136.85,$136.15
07/22/2016,$136.52,2623831,$136.41,$136.64,$135.96
07/21/2016,$136.07,4975106,$136.76,$137.14,$135.47
07/20/2016,$137.41,3091800,$137.4,$137.45,$136.77
07/19/2016,$136.98,3831522,$136.07,$137.05,$135.56
07/18/2016,$136.34,3725067,$135.46,$136.48,$134.81
07/15/2016,$134.78,5322753,$135.12,$135.59,$134.65
07/14/2016,$134.54,3122408,$134.4,$134.79,$133.83
07/13/2016,$133.56,4231548,$134.84,$135.2,$133.1
07/12/2016,$134.84,3611575,$135.24,$135.99,$134.3
07/11/2016,$135.15,4573713,$134.83,$135.88,$134.45
07/08/2016,$134.34,4804926,$132.33,$134.36,$132.25
07/07/2016,$131.16,3970509,$131.25,$132.18,$130.56
07/06/2016,$131.57,4928617,$129.2,$131.61,$129.03
07/05/2016,$129.35,4096529,$129.6,$130.48,$128.503
07/01/2016,$129.62,5644825,$128.29,$130.23,$128.12
06/30/2016,$127.69,6641690,$127.27,$127.86,$126.1
06/29/2016,$127.37,5779461,$127.9,$128.47,$126.9
06/28/2016,$127.53,5376423,$125.89,$127.53,$125.6
06/27/2016,$124.67,5666524,$125.34,$125.75,$123.62
06/24/2016,$126.4,8973798,$126.1,$127.8,$125.5
06/23/2016,$128.29,4776172,$128.98,$129.1,$127.45
06/22/2016,$127.6,3696351,$127.69,$128.97,$127.4
06/21/2016,$127.74,3450827,$127.96,$128.3114,$127.285
06/20/2016,$127.62,3880277,$128.13,$128.85,$127.42
06/17/2016,$127.14,7536503,$127.52,$127.78,$126.73
06/16/2016,$127.36,4431982,$126.05,$127.54,$125.66
06/15/2016,$126.53,5130672,$125.74,$127.75,$125.49
06/14/2016,$125.24,7295156,$127.31,$127.44,$124.71
06/13/2016,$127.83,4822812,$128.94,$129.45,$127.785
